"0","sce <- SingleCellExperiment(list(counts=data_PBMC))"
"0","sce"
"1","class:"
"1"," "
"1","SingleCellExperiment"
"1"," "
"1","
"
"1","dim:"
"1"," "
"1","15601"
"1"," "
"1","8381"
"1"," "
"1","
"
"1","metadata(0):"
"1","
"
"1","assays(1): counts"
"1","
"
"1","rownames(15601): ENSG00000279928 ENSG00000279457 ... MT-ND6 MT-CYB"
"1","
"
"1","rowData names(0):"
"1","
"
"1","colnames(8381): AAACCTGAGCATCATC AAACCTGAGCTAACTC ... TTTGTCATCTCGAGTA TTTGTCATCTGCTTGC"
"1","
"
"1","colData names(0):"
"1","
"
"1","reducedDimNames(0):"
"1","
"
"1","altExpNames(0):"
"1","
"
