"0","pred2"
"1","DataFrame"
"1"," with "
"1","1287"
"1"," row"
"1","s"
"1"," and "
"1","5"
"1"," column"
"1","s"
"1","
"
"1","                     "
"1","                                scores"
"1","     first.labels"
"1","        tuning.scores"
"1","
                     "
"1","                              <matrix>"
"1","      <character>"
"1","          <DataFrame>"
"1","
AAACCTGAGAAGGTTT-1_1a"
"1","        0.313261:0.422760:0.221071:..."
"1","  Mesangial cells"
"1","    0.522879:0.465881"
"1","
AAACCTGAGAGCAATT-1_1a"
"1","        0.321682:0.437490:0.249974:..."
"1"," Epithelial cells"
"1","    0.381149:0.361643"
"1","
AAAGATGCATCTCCCA-1_1a"
"1","        0.332534:0.436530:0.224613:..."
"1"," Epithelial cells"
"1","    0.383843:0.362424"
"1","
AAAGCAACAATCCAAC-1_1a"
"1","        0.358849:0.455452:0.223655:..."
"1"," Epithelial cells"
"1","    0.413191:0.345795"
"1","
AAAGTAGGTAGTACCT-1_1a"
"1","        0.357357:0.432044:0.285549:..."
"1","  Mesangial cells"
"1","    0.470401:0.406798"
"1","
...                  "
"1","                                   ..."
"1","              ..."
"1","                  ..."
"1","
TTTATGCTCGACGGAA-1_1b"
"1","  0.04322501: 0.00538292:0.0962427:..."
"1","   Macrophages M2"
"1"," 0.1046574: 0.0880282"
"1","
TTTCCTCGTCAAAGAT-1_1b"
"1"," -0.01609588:-0.05142571:0.0508700:..."
"1","   Macrophages M2"
"1"," 0.0626032:-0.1257395"
"1","
TTTGGTTAGCGTGAGT-1_1b"
"1","  0.05177992:-0.00403381:0.1077298:..."
"1","   Macrophages M2"
"1"," 0.1067456: 0.0968785"
"1","
TTTGGTTAGGGCATGT-1_1b"
"1","  0.00398998:-0.01563407:0.0793686:..."
"1","   Macrophages M2"
"1"," 0.0877824: 0.0706258"
"1","
TTTGGTTCATTGAGCT-1_1b"
"1","  0.03021940:-0.03249736:0.0484689:..."
"1","   Macrophages M2"
"1"," 0.0306771: 0.0237239"
"1","
"
"1","                     "
"1","           labels"
"1","    pruned.labels"
"1","
                     "
"1","      <character>"
"1","      <character>"
"1","
AAACCTGAGAAGGTTT-1_1a"
"1"," Epithelial cells"
"1"," Epithelial cells"
"1","
AAACCTGAGAGCAATT-1_1a"
"1"," Epithelial cells"
"1"," Epithelial cells"
"1","
AAAGATGCATCTCCCA-1_1a"
"1"," Epithelial cells"
"1"," Epithelial cells"
"1","
AAAGCAACAATCCAAC-1_1a"
"1"," Epithelial cells"
"1"," Epithelial cells"
"1","
AAAGTAGGTAGTACCT-1_1a"
"1"," Epithelial cells"
"1"," Epithelial cells"
"1","
...                  "
"1","              ..."
"1","              ..."
"1","
TTTATGCTCGACGGAA-1_1b"
"1","   Macrophages M2"
"1","   Macrophages M2"
"1","
TTTCCTCGTCAAAGAT-1_1b"
"1","   Macrophages M2"
"1","   Macrophages M2"
"1","
TTTGGTTAGCGTGAGT-1_1b"
"1","   Macrophages M2"
"1","   Macrophages M2"
"1","
TTTGGTTAGGGCATGT-1_1b"
"1","   Macrophages M2"
"1","   Macrophages M2"
"1","
TTTGGTTCATTGAGCT-1_1b"
"1","   Macrophages M2"
"1","   Macrophages M2"
"1","
"
