"0","sce <- SingleCellExperiment(list(counts=data_ABT))"
"0","sce"
"1","class:"
"1"," "
"1","SingleCellExperiment"
"1"," "
"1","
"
"1","dim:"
"1"," "
"1","17088"
"1"," "
"1","2325"
"1"," "
"1","
"
"1","metadata(0):"
"1","
"
"1","assays(1): counts"
"1","
"
"1","rownames(17088): A1BG A1BG-AS1 ... ZNF492 ZNF534"
"1","
"
"1","rowData names(0):"
"1","
"
"1","colnames(2325): AAACCTGAGAAGGTTT-1_1a AAACCTGAGAGCAATT-1_1a ... TTTGGTTAGGGCATGT-1_1b"
"1","
"
"1","  TTTGGTTCATTGAGCT-1_1b"
"1","
"
"1","colData names(0):"
"1","
"
"1","reducedDimNames(0):"
"1","
"
"1","altExpNames(0):"
"1","
"
