"0","sce_b <- SingleCellExperiment(list(counts=b))"
"0","sce_b"
"1","class:"
"1"," "
"1","SingleCellExperiment"
"1"," "
"1","
"
"1","dim:"
"1"," "
"1","16531"
"1"," "
"1","1080"
"1"," "
"1","
"
"1","metadata(0):"
"1","
"
"1","assays(1): counts"
"1","
"
"1","rownames(16531): A1BG A1BG-AS1 ... ZZEF1 ZZZ3"
"1","
"
"1","rowData names(0):"
"1","
"
"1","colnames(1080): AAACCTGCACCTATCC-1_1b AAACCTGGTCCGAAGA-1_1b ... TTTGGTTAGGGCATGT-1_1b"
"1","
"
"1","  TTTGGTTCATTGAGCT-1_1b"
"1","
"
"1","colData names(0):"
"1","
"
"1","reducedDimNames(0):"
"1","
"
"1","altExpNames(0):"
"1","
"
"0","dim(sce_b)"
"1","[1]"
"1"," 16531"
"1","  1080"
"1","
"
